date,service,team,amount_usd
2026-09-01,compute,platform,152.60
2026-09-01,compute,data,127.17
2026-09-01,compute,growth,200.69
2026-09-01,storage,platform,24.78
2026-09-01,storage,data,39.38
2026-09-01,storage,growth,34.02
2026-09-01,egress,platform,14.87
2026-09-01,egress,data,23.52
2026-09-01,egress,growth,14.47
2026-09-01,managed-db,platform,84.37
2026-09-01,managed-db,data,57.63
2026-09-01,managed-db,growth,59.17
2026-09-02,compute,platform,167.40
2026-09-02,compute,data,226.55
2026-09-02,compute,growth,123.20
2026-09-02,storage,platform,29.53
2026-09-02,storage,data,42.26
2026-09-02,storage,growth,52.35
2026-09-02,egress,platform,24.86
2026-09-02,egress,data,21.39
2026-09-02,egress,growth,32.54
2026-09-02,managed-db,platform,55.92
2026-09-02,managed-db,data,115.60
2026-09-02,managed-db,growth,73.79
2026-09-03,compute,platform,126.21
2026-09-03,compute,data,122.32
2026-09-03,compute,growth,150.35
2026-09-03,storage,platform,48.21
2026-09-03,storage,data,28.19
2026-09-03,storage,growth,40.82
2026-09-03,egress,platform,26.05
2026-09-03,egress,data,20.92
2026-09-03,egress,growth,24.29
2026-09-03,managed-db,platform,57.11
2026-09-03,managed-db,data,56.88
2026-09-03,managed-db,growth,67.64
2026-09-04,compute,platform,205.02
2026-09-04,compute,data,167.86
2026-09-04,compute,growth,151.18
2026-09-04,storage,platform,40.95
2026-09-04,storage,data,36.78
2026-09-04,storage,growth,31.94
2026-09-04,egress,platform,29.04
2026-09-04,egress,data,27.21
2026-09-04,egress,growth,18.45
2026-09-04,managed-db,platform,94.72
2026-09-04,managed-db,data,91.10
2026-09-04,managed-db,growth,116.82
2026-09-05,compute,platform,212.23
2026-09-05,compute,data,147.33
2026-09-05,compute,growth,249.09
2026-09-05,storage,platform,26.22
2026-09-05,storage,data,35.67
2026-09-05,storage,growth,46.35
2026-09-05,egress,platform,16.68
2026-09-05,egress,data,23.16
2026-09-05,egress,growth,14.50
2026-09-05,managed-db,platform,101.61
2026-09-05,managed-db,data,108.70
2026-09-05,managed-db,growth,94.62
2026-09-06,compute,platform,233.70
2026-09-06,compute,data,151.12
2026-09-06,compute,growth,207.21
2026-09-06,storage,platform,41.22
2026-09-06,storage,data,40.77
2026-09-06,storage,growth,36.87
2026-09-06,egress,platform,29.92
2026-09-06,egress,data,31.94
2026-09-06,egress,growth,22.88
2026-09-06,managed-db,platform,101.32
2026-09-06,managed-db,data,56.96
2026-09-06,managed-db,growth,104.06
2026-09-07,compute,platform,200.13
2026-09-07,compute,data,250.99
2026-09-07,compute,growth,225.82
2026-09-07,storage,platform,31.46
2026-09-07,storage,data,34.65
2026-09-07,storage,growth,43.56
2026-09-07,egress,platform,14.18
2026-09-07,egress,data,22.64
2026-09-07,egress,growth,16.98
2026-09-07,managed-db,platform,61.11
2026-09-07,managed-db,data,56.83
2026-09-07,managed-db,growth,108.97
2026-09-08,compute,platform,124.01
2026-09-08,compute,data,141.40
2026-09-08,compute,growth,162.47
2026-09-08,storage,platform,49.95
2026-09-08,storage,data,25.04
2026-09-08,storage,growth,36.65
2026-09-08,egress,platform,24.33
2026-09-08,egress,data,30.76
2026-09-08,egress,growth,29.52
2026-09-08,managed-db,platform,116.00
2026-09-08,managed-db,data,72.96
2026-09-08,managed-db,growth,83.02
2026-09-09,compute,platform,157.74
2026-09-09,compute,data,234.98
2026-09-09,compute,growth,245.79
2026-09-09,storage,platform,27.25
2026-09-09,storage,data,28.05
2026-09-09,storage,growth,29.81
2026-09-09,egress,platform,18.24
2026-09-09,egress,data,23.09
2026-09-09,egress,growth,25.09
2026-09-09,managed-db,platform,71.81
2026-09-09,managed-db,data,52.80
2026-09-09,managed-db,growth,83.29
2026-09-10,compute,platform,159.28
2026-09-10,compute,data,188.25
2026-09-10,compute,growth,245.11
2026-09-10,storage,platform,44.25
2026-09-10,storage,data,38.74
2026-09-10,storage,growth,41.95
2026-09-10,egress,platform,26.77
2026-09-10,egress,data,14.79
2026-09-10,egress,growth,31.07
2026-09-10,managed-db,platform,109.83
2026-09-10,managed-db,data,116.78
2026-09-10,managed-db,growth,111.14
2026-09-11,compute,platform,162.68
2026-09-11,compute,data,163.65
2026-09-11,compute,growth,120.22
2026-09-11,storage,platform,42.48
2026-09-11,storage,data,24.46
2026-09-11,storage,growth,24.62
2026-09-11,egress,platform,17.77
2026-09-11,egress,data,16.87
2026-09-11,egress,growth,20.30
2026-09-11,managed-db,platform,56.36
2026-09-11,managed-db,data,52.52
2026-09-11,managed-db,growth,63.62
2026-09-12,compute,platform,119.92
2026-09-12,compute,data,158.45
2026-09-12,compute,growth,108.75
2026-09-12,storage,platform,50.04
2026-09-12,storage,data,41.84
2026-09-12,storage,growth,27.18
2026-09-12,egress,platform,18.61
2026-09-12,egress,data,20.44
2026-09-12,egress,growth,20.76
2026-09-12,managed-db,platform,61.53
2026-09-12,managed-db,data,114.90
2026-09-12,managed-db,growth,125.49
2026-09-13,compute,platform,173.50
2026-09-13,compute,data,176.12
2026-09-13,compute,growth,117.63
2026-09-13,storage,platform,25.72
2026-09-13,storage,data,33.29
2026-09-13,storage,growth,30.84
2026-09-13,egress,platform,29.71
2026-09-13,egress,data,16.86
2026-09-13,egress,growth,14.19
2026-09-13,managed-db,platform,122.40
2026-09-13,managed-db,data,91.33
2026-09-13,managed-db,growth,63.28
2026-09-14,compute,platform,184.85
2026-09-14,compute,data,108.98
2026-09-14,compute,growth,182.63
2026-09-14,storage,platform,53.32
2026-09-14,storage,data,49.69
2026-09-14,storage,growth,44.43
2026-09-14,egress,platform,168.99
2026-09-14,egress,data,187.28
2026-09-14,egress,growth,152.69
2026-09-14,managed-db,platform,109.24
2026-09-14,managed-db,data,91.65
2026-09-14,managed-db,growth,109.76
2026-09-15,compute,platform,153.46
2026-09-15,compute,data,137.79
2026-09-15,compute,growth,224.29
2026-09-15,storage,platform,53.53
2026-09-15,storage,data,49.36
2026-09-15,storage,growth,47.89
2026-09-15,egress,platform,29.50
2026-09-15,egress,data,27.99
2026-09-15,egress,growth,18.11
2026-09-15,managed-db,platform,90.55
2026-09-15,managed-db,data,78.63
2026-09-15,managed-db,growth,54.63
2026-09-16,compute,platform,109.11
2026-09-16,compute,data,146.07
2026-09-16,compute,growth,143.10
2026-09-16,storage,platform,44.31
2026-09-16,storage,data,52.63
2026-09-16,storage,growth,36.59
2026-09-16,egress,platform,31.79
2026-09-16,egress,data,32.77
2026-09-16,egress,growth,32.13
2026-09-16,managed-db,platform,79.30
2026-09-16,managed-db,data,68.70
2026-09-16,managed-db,growth,69.17
2026-09-17,compute,platform,133.92
2026-09-17,compute,data,135.04
2026-09-17,compute,growth,196.74
2026-09-17,storage,platform,50.86
2026-09-17,storage,data,48.97
2026-09-17,storage,growth,37.60
2026-09-17,egress,platform,26.32
2026-09-17,egress,data,29.14
2026-09-17,egress,growth,15.38
2026-09-17,managed-db,platform,101.05
2026-09-17,managed-db,data,119.37
2026-09-17,managed-db,growth,110.00
2026-09-18,compute,platform,215.27
2026-09-18,compute,data,175.27
2026-09-18,compute,growth,131.24
2026-09-18,storage,platform,47.36
2026-09-18,storage,data,32.97
2026-09-18,storage,growth,47.73
2026-09-18,egress,platform,32.45
2026-09-18,egress,data,21.37
2026-09-18,egress,growth,21.48
2026-09-18,managed-db,platform,122.09
2026-09-18,managed-db,data,105.77
2026-09-18,managed-db,growth,65.00
2026-09-19,compute,platform,123.67
2026-09-19,compute,data,127.22
2026-09-19,compute,growth,238.01
2026-09-19,storage,platform,47.90
2026-09-19,storage,data,27.10
2026-09-19,storage,growth,48.54
2026-09-19,egress,platform,32.62
2026-09-19,egress,data,26.40
2026-09-19,egress,growth,20.50
2026-09-19,managed-db,platform,92.83
2026-09-19,managed-db,data,62.13
2026-09-19,managed-db,growth,53.55
2026-09-20,compute,platform,247.72
2026-09-20,compute,data,200.50
2026-09-20,compute,growth,182.41
2026-09-20,storage,platform,51.91
2026-09-20,storage,data,36.16
2026-09-20,storage,growth,49.96
2026-09-20,egress,platform,29.65
2026-09-20,egress,data,17.81
2026-09-20,egress,growth,18.60
2026-09-20,managed-db,platform,74.03
2026-09-20,managed-db,data,70.18
2026-09-20,managed-db,growth,95.60
2026-09-21,compute,platform,143.13
2026-09-21,compute,data,166.59
2026-09-21,compute,growth,124.27
2026-09-21,storage,platform,51.17
2026-09-21,storage,data,33.64
2026-09-21,storage,growth,36.93
2026-09-21,egress,platform,24.98
2026-09-21,egress,data,31.16
2026-09-21,egress,growth,21.85
2026-09-21,managed-db,platform,119.95
2026-09-21,managed-db,data,89.37
2026-09-21,managed-db,growth,91.59
